{
    "field": "capsule",
    "terminals": {
        "<cap_2<ca>>": [
            "ca"
        ],
        "<cap_2<cc>>": [
            "oxc",
            "corr capsule",
            "cc",
            "corrosion"
        ],
        "<cap_2<ccv>>": [
            "ccv",
            "ec"
        ],
        "<cap_2<crc>>": [
            "crc",
            "crk",
            "bwc"
        ],
        "<cap_2<cuc>>": [
            "cuc",
            "ctc"
        ],
        "<cap_2<dirtycapsule>>": [],
        "<cap_2<nc>>": [
            "nc",
            "nic",
            "cwc"
        ],
        "<cap_2<noc>>": [
            "noc",
            "mc"
        ],
        "<cap_2<productionhole>>": [
            "production hole"
        ],
        "<cap_2<tc>>": [
            "trc",
            "ct",
            "tc"
        ],
        "<cap_2<wc>>": [
            "wrc",
            "wc"
        ],
        "<cap_2<wxc>>": [
            "wxc"
        ]
    }
}