{
    "field": "intensifier",
    "terminals": {
        "#i#1##": [
            "light",
            "hardly",
            "barely",
            "tiny",
            "partially",
            "slightly",
            "slight",
            "small",
            "lightly",
            "somewhat",
            "gently",
            "little",
            "very slightly",
            "short",
            "partly"
        ],
        "#i#2##": [
            "usual",
            "several",
            "visible",
            "relatively",
            "normal"
        ],
        "#i#3##": [
            "seriously",
            "huge",
            "very",
            "large",
            "multiple",
            "severely",
            "particularly",
            "countless",
            "severe",
            "gravelly",
            "terribly",
            "massively",
            "significant",
            "massive",
            "many",
            "long",
            "considerably",
            "especially",
            "integrally",
            "excessive",
            "multiples",
            "completely",
            "predominantly",
            "exceptionally",
            "extremely",
            "totally",
            "fully",
            "badly",
            "mostly",
            "heavily",
            "big"
        ]
    }
}