{
    "field": "label",
    "terminals": {
        "<l_2<bsl>>": [
            "bsl"
        ],
        "<l_2<damagedlabel>>": [],
        "<l_2<fl>>": [
            "obscured vintage",
            "ov"
        ],
        "<l_2<gsl>>": [
            "gs",
            "gsl"
        ],
        "<l_2<handwrittenlabel>>": [],
        "<l_2<ll>>": [
            "ll"
        ],
        "<l_2<nl>>": [
            "nl",
            "nil"
        ],
        "<l_2<nol>>": [
            "remnants of original label",
            "remnants of label",
            "nol"
        ],
        "<l_2<relabeled>>": [
            "re labeled",
            "relabeled"
        ],
        "<l_2<sb>>": [
            "sb"
        ],
        "<l_2<scl>>": [
            "scl"
        ],
        "<l_2<sl>>": [
            "sl",
            "stl"
        ],
        "<l_2<tal>>": [
            "ttl",
            "tal"
        ],
        "<l_2<tl>>": [
            "tl"
        ],
        "<l_2<tsl>>": [
            "tsl",
            "remnants of tissue",
            "remnants of tissues"
        ],
        "<l_2<wasl>>": [
            "dsl",
            "wasl"
        ],
        "<l_2<wisl>>": [
            "wis",
            "wisl"
        ],
        "<l_2<wl>>": [
            "wl",
            "wol"
        ],
        "<l_2<wrl>>": [
            "wl",
            "wrl"
        ]
    }
}