{
    "field": "label",
    "terminals": {
        "<l_3<bsl>>": [
            "hbsl",
            "hbs",
            "vbsl"
        ],
        "<l_3<damagedlabel>>": [],
        "<l_3<fl>>": [
            "hfl",
            "vfl"
        ],
        "<l_3<gsl>>": [
            "vgsl",
            "hgsl"
        ],
        "<l_3<handwrittenlabel>>": [],
        "<l_3<ll>>": [
            "hll",
            "vll"
        ],
        "<l_3<nl>>": [
            "vnl",
            "hnl"
        ],
        "<l_3<nol>>": [],
        "<l_3<relabeled>>": [],
        "<l_3<sb>>": [],
        "<l_3<scl>>": [
            "vscl",
            "hscl"
        ],
        "<l_3<sl>>": [
            "hsl",
            "vsl"
        ],
        "<l_3<tal>>": [
            "vtal",
            "pml",
            "htal"
        ],
        "<l_3<tl>>": [
            "vtl",
            "htl"
        ],
        "<l_3<tsl>>": [
            "vtsl",
            "htsl"
        ],
        "<l_3<wasl>>": [
            "vwasl",
            "hwasl"
        ],
        "<l_3<wisl>>": [
            "hwisl",
            "vwisl"
        ],
        "<l_3<wl>>": [
            "vwl",
            "hwl"
        ],
        "<l_3<wrl>>": [
            "vwrl",
            "hwrl"
        ]
    }
}