{
    "field": "label",
    "terminals": {
        "<l_1<bsl>>": [],
        "<l_1<damagedlabel>>": [
            "ela"
        ],
        "<l_1<fl>>": [
            "els"
        ],
        "<l_1<gsl>>": [],
        "<l_1<handwrittenlabel>>": [],
        "<l_1<ll>>": [],
        "<l_1<nl>>": [],
        "<l_1<nol>>": [],
        "<l_1<relabeled>>": [],
        "<l_1<sb>>": [],
        "<l_1<scl>>": [],
        "<l_1<sl>>": [
            "elt"
        ],
        "<l_1<tal>>": [],
        "<l_1<tl>>": [
            "eld"
        ],
        "<l_1<tsl>>": [],
        "<l_1<wasl>>": [],
        "<l_1<wisl>>": [],
        "<l_1<wl>>": [],
        "<l_1<wrl>>": []
    }
}