{
    "field": "label",
    "terminals": {
        "<l_2<bsl>>": [
            "bsl"
        ],
        "<l_2<damagedlabel>>": [
            "damaged label"
        ],
        "<l_2<fl>>": [
            "fl",
            "es"
        ],
        "<l_2<gsl>>": [
            "efs",
            "gsl"
        ],
        "<l_2<handwrittenlabel>>": [
            "handwritten label"
        ],
        "<l_2<ll>>": [
            "ll"
        ],
        "<l_2<nl>>": [
            "nl"
        ],
        "<l_2<nol>>": [
            "se",
            "sse",
            "mq",
            "nol"
        ],
        "<l_2<relabeled>>": [
            "reetiquetees",
            "reetiquetee",
            "relabeled",
            "re etiquetees",
            "re etiquetee"
        ],
        "<l_2<sb>>": [
            "sb"
        ],
        "<l_2<scl>>": [
            "scl"
        ],
        "<l_2<sl>>": [
            "sl",
            "e t"
        ],
        "<l_2<tal>>": [
            "tal"
        ],
        "<l_2<tl>>": [
            "tl",
            "ed"
        ],
        "<l_2<tsl>>": [
            "tsl"
        ],
        "<l_2<wasl>>": [
            "eth",
            "wasl"
        ],
        "<l_2<wisl>>": [
            "wisl"
        ],
        "<l_2<wl>>": [
            "wl"
        ],
        "<l_2<wrl>>": [
            "wrl"
        ]
    }
}