{
    "field": "label",
    "terminals": {
        "<l_1<bsl>>": [
            "sbsl",
            "slbsl",
            "lbsl"
        ],
        "<l_1<damagedlabel>>": [],
        "<l_1<fl>>": [
            "lfl",
            "sfl"
        ],
        "<l_1<gsl>>": [
            "sgsl",
            "lgsl"
        ],
        "<l_1<handwrittenlabel>>": [],
        "<l_1<ll>>": [
            "lll",
            "sll"
        ],
        "<l_1<nl>>": [
            "snl",
            "lnl"
        ],
        "<l_1<nol>>": [],
        "<l_1<relabeled>>": [],
        "<l_1<sb>>": [],
        "<l_1<scl>>": [
            "lscl",
            "sscl"
        ],
        "<l_1<sl>>": [
            "sstl",
            "ssl"
        ],
        "<l_1<tal>>": [
            "stal",
            "ltal"
        ],
        "<l_1<tl>>": [
            "ltl",
            "stl"
        ],
        "<l_1<tsl>>": [
            "stsl",
            "ltsl"
        ],
        "<l_1<wasl>>": [
            "swasl",
            "lwasl"
        ],
        "<l_1<wisl>>": [
            "lwisl",
            "swisl"
        ],
        "<l_1<wl>>": [
            "swl",
            "lwl"
        ],
        "<l_1<wrl>>": [
            "swrl",
            "lwrl"
        ]
    }
}