{
    "field": "prod_tech",
    "terminals": {
        "<pt<ambra>>": [
            "ambra"
        ],
        "<pt<amontillado>>": [
            "amontillado"
        ],
        "<pt<armazemdecalor>>": [
            "armazem de calor"
        ],
        "<pt<aromatic>>": [
            "aromatic",
            "aromatica"
        ],
        "<pt<asolo>>": [
            "asolo",
            "superiore",
            "asolo prosecco superiore"
        ],
        "<pt<barley>>": [
            "barley"
        ],
        "<pt<barrelfinish>>": [
            "barrel finish",
            "eleve en futs",
            "cuvee elevee en fut",
            "bourbon barrel aged",
            "true barrel",
            "barrel aged",
            "matured in",
            "eleve en fut",
            "finished in",
            "port wine barrel finish",
            "aged in"
        ],
        "<pt<blancdeblancs>>": [
            "blanc de blancs"
        ],
        "<pt<blancdenoirs>>": [
            "blanc de noirs"
        ],
        "<pt<blended>>": [
            "blended",
            "blend"
        ],
        "<pt<bottledinbond>>": [
            "bottled in bond"
        ],
        "<pt<brut>>": [
            "brut"
        ],
        "<pt<brutdefut>>": [
            "brut de fut"
        ],
        "<pt<canteiro>>": [
            "canteiro"
        ],
        "<pt<caskstrength>>": [
            "sherry cask strength",
            "cask strength",
            "barrel proof",
            "barrel strength"
        ],
        "<pt<colheita>>": [
            "colheita",
            "harvest"
        ],
        "<pt<conegliano>>": [
            "valdobbiadene",
            "superiore",
            "conegliano",
            "valdobbiadene prosecco superiore"
        ],
        "<pt<corn>>": [
            "corn"
        ],
        "<pt<cubadecalor>>": [
            "cuba de calor"
        ],
        "<pt<demisec>>": [
            "halbtrocken",
            "demi sec"
        ],
        "<pt<disgorged>>": [
            "degorgement",
            "disgorged",
            "late disgorged",
            "degorgement tardif"
        ],
        "<pt<doburoku>>": [
            "doburoku"
        ],
        "<pt<doublebarrel>>": [
            "double cask",
            "double barrel",
            "double matured",
            "double barreled"
        ],
        "<pt<doux>>": [
            "doux"
        ],
        "<pt<dry>>": [
            "dry"
        ],
        "<pt<dulce>>": [
            "dulce"
        ],
        "<pt<extrabrut>>": [
            "extra brut"
        ],
        "<pt<extradry>>": [
            "extra dry"
        ],
        "<pt<extrareserve>>": [
            "extra reserve"
        ],
        "<pt<fine>>": [
            "italia particular",
            "i p",
            "fine"
        ],
        "<pt<finest>>": [
            "finest"
        ],
        "<pt<fino>>": [
            "fino"
        ],
        "<pt<flavoured>>": [
            "flavoured",
            "aromatizzata"
        ],
        "<pt<frizzante>>": [
            "frizzante"
        ],
        "<pt<gk>>": [
            "gold capsule",
            "gk",
            "auslese gk"
        ],
        "<pt<goutamericain>>": [
            "gout americain"
        ],
        "<pt<goutanglais>>": [
            "gout anglais"
        ],
        "<pt<goutfrancais>>": [
            "gout francais"
        ],
        "<pt<goutrusse>>": [
            "gout russe"
        ],
        "<pt<horsd'age>>": [
            "old reserve",
            "very old",
            "vieille reserve",
            "extra old",
            "gran reserve",
            "anejo",
            "x o",
            "age inconnu",
            "napoleon",
            "hors d'age",
            "extra vieux",
            "grande reserve",
            "extra aged",
            "xo",
            "extra"
        ],
        "<pt<icewinecaskfinish>>": [
            "icewine cask finish"
        ],
        "<pt<jizake>>": [
            "jizake"
        ],
        "<pt<lateharvest>>": [
            "late picked",
            "vendemmia tardiva",
            "late harvest",
            "later harvested",
            "vendanges tardives",
            "harvested later",
            "vendange tardive"
        ],
        "<pt<lgk>>": [
            "lange gold capsule",
            "lgk",
            "auslese lgk"
        ],
        "<pt<manzanilla>>": [
            "manzanilla"
        ],
        "<pt<methodeancestrale>>": [
            "methode ancestrale"
        ],
        "<pt<millesime>>": [
            "millesime",
            "vintage"
        ],
        "<pt<monovarietal>>": [
            "monovitigno",
            "mono varietal"
        ],
        "<pt<nonchill>>": [
            "unchillfiltered",
            "non chill"
        ],
        "<pt<nonmiseduchateau>>": [
            "non mise chateau",
            "nmdc",
            "mise negoce",
            "non mise du chateau"
        ],
        "<pt<oloroso>>": [
            "oloroso"
        ],
        "<pt<organic>>": [
            "organic"
        ],
        "<pt<oro>>": [
            "oro"
        ],
        "<pt<palocortado>>": [
            "palo cortado"
        ],
        "<pt<passada>>": [
            "manzanilla passada",
            "passada"
        ],
        "<pt<polyvarietal>>": [
            "poly varietal",
            "polyvitigno"
        ],
        "<pt<premium>>": [
            "premium",
            "aged"
        ],
        "<pt<privatecellar>>": [
            "private reserve",
            "reserve",
            "private cellar",
            "private selection"
        ],
        "<pt<puremalt>>": [
            "vatted",
            "pure malt",
            "blended malt"
        ],
        "<pt<reserve>>": [
            "reserve"
        ],
        "<pt<rose>>": [
            "rose"
        ],
        "<pt<rubino>>": [
            "rubino"
        ],
        "<pt<rumbarrelfinish>>": [
            "rum cask finish",
            "rum barrel finish"
        ],
        "<pt<ryemalt>>": [
            "rye malt"
        ],
        "<pt<scotch>>": [
            "scotch"
        ],
        "<pt<sec>>": [
            "sec",
            "dry"
        ],
        "<pt<secco>>": [
            "seco",
            "dry",
            "secco"
        ],
        "<pt<semisecco>>": [
            "semisecco"
        ],
        "<pt<sherryoakfinish>>": [
            "oak finish",
            "oak cask",
            "eleve en fut de chene",
            "fut de chene",
            "sherry oak matured",
            "sherry oak finish",
            "oak aged"
        ],
        "<pt<sigille>>": [
            "sigille"
        ],
        "<pt<singlebarrel>>": [
            "single barrel",
            "individual cask",
            "single cask"
        ],
        "<pt<singlegrain>>": [
            "single grain"
        ],
        "<pt<singlemalt>>": [
            "single malt"
        ],
        "<pt<singlepot>>": [
            "single pot"
        ],
        "<pt<smallbatch>>": [
            "special release",
            "limited release",
            "rare release",
            "small batch",
            "small parcel",
            "edicion limitada",
            "commitee release",
            "small lot",
            "limited edition"
        ],
        "<pt<solerasstravecchio>>": [
            "soleras reserve",
            "soleras stravecchio"
        ],
        "<pt<sourmash>>": [
            "sour mash"
        ],
        "<pt<spatlese>>": [
            "spatlese"
        ],
        "<pt<specialreserve>>": [
            "special reserve"
        ],
        "<pt<spumante>>": [
            "spumante"
        ],
        "<pt<straight>>": [
            "straight"
        ],
        "<pt<superiore>>": [
            "garibaldi dolce",
            "s o m",
            "superior old marsala",
            "g d",
            "superiore"
        ],
        "<pt<superioredicartizze>>": [
            "superiore di cartizze"
        ],
        "<pt<superiorereserve>>": [
            "superiore reserve"
        ],
        "<pt<sweet>>": [
            "dolce",
            "sweet"
        ],
        "<pt<teiseihaku>>": [
            "teiseihaku"
        ],
        "<pt<toastedbarrelfinish>>": [
            "toasted barrel finish"
        ],
        "<pt<tranquillo>>": [
            "tranquillo"
        ],
        "<pt<triplecask>>": [
            "triple cask matured",
            "triple cask"
        ],
        "<pt<vergine>>": [
            "vergine",
            "soleras"
        ],
        "<pt<vieillevigne>>": [
            "vieille vigne",
            "old vines",
            "vinas velhas"
        ],
        "<pt<vieux>>": [
            "vieux"
        ],
        "<pt<vintage>>": [
            "frasqueira",
            "vintage"
        ],
        "<pt<vo>>": [
            "premium",
            "v o",
            "old",
            "vo",
            "aged",
            "vieux",
            "reserve",
            "vieil",
            "reposado"
        ],
        "<pt<vs>>": [
            "affinata",
            "three stars",
            "luxury",
            "refined",
            "3 stars",
            "trois etoiles",
            "fine",
            "very special",
            "vs"
        ],
        "<pt<vsop>>": [
            "cuvee speciale",
            "very superior old pale",
            "v s o p",
            "vsop",
            "reserve speciale",
            "very special old pale"
        ],
        "<pt<wheated>>": [
            "wheat",
            "wheated"
        ],
        "<pt<xop>>": [
            "extra old particular",
            "xop"
        ],
        "<pt<xopremium>>": [
            "ultra aged",
            "extra anejo",
            "xo premium"
        ],
        "<pt<young>>": [
            "jeune",
            "young",
            "ac",
            "a c",
            "giovane"
        ]
    }
}