{
    "field": "seal",
    "terminals": {
        "<s<brokenseal>>": [
            "broken seal",
            "unsealed",
            "open seal"
        ],
        "<s<descelle>>": [
            "descelle",
            "descellees",
            "sceau ouvert",
            "non scelle",
            "sans sceau",
            "pas scelle",
            "descelles",
            "descellee",
            "sceau brise"
        ],
        "<s<locked>>": [
            "locked",
            "verschlossener"
        ],
        "<s<scelle>>": [
            "sceaux",
            "scellee",
            "scellees",
            "scelles",
            "sceau",
            "scelle"
        ],
        "<s<sealed>>": [
            "original seals",
            "intact seal",
            "seal unopened",
            "sealed",
            "unopened seal",
            "original seal",
            "seal intact",
            "seal",
            "seals"
        ],
        "<s<unbrokenseal>>": [
            "unbroken seal"
        ]
    }
}