{
    "field": "vol_size",
    "terminals": {
        "<v<1litre>>": [
            "1 litre",
            "1 ltr",
            "38.5",
            "1.14",
            "2 pints",
            "litre",
            "33.8"
        ],
        "<v<2.5litre>>": [
            "2.5 litre"
        ],
        "<v<350millilitre>>": [
            "33 centilitre",
            "11.8",
            "12.3",
            "350 millilitre"
        ],
        "<v<700millilitre>>": [
            "70 centilitre",
            "23.7",
            "70 centilitre bottle",
            "700 millilitre",
            "bottle 70 centilitre",
            "24 oz"
        ],
        "<v<75centilitre>>": [
            "1/5",
            "botella",
            "two six",
            "75 centilitre",
            "fifth",
            "standard",
            "0.757",
            "26 er",
            "0.75 litre",
            "bt s",
            "26 2/3 oz",
            "0.75",
            "25.4",
            "26 2/3",
            "750 millilitre",
            "75.7 centilitre",
            "bouteille",
            "bottiglie",
            "25.6"
        ],
        "<v<anker>>": [
            "anker"
        ],
        "<v<barrel>>": [
            "barrel"
        ],
        "<v<belshazzar>>": [
            "balth",
            "12 litre",
            "405.8",
            "belshazzar",
            "balthazar"
        ],
        "<v<chopine>>": [
            "25 centilitre",
            "8.5",
            "chopine",
            "250 millilitre",
            "0.25",
            "1/3"
        ],
        "<v<clavelin>>": [
            "22 oz",
            "clavelin",
            "650.62",
            "0.62",
            "bomber",
            "0.625"
        ],
        "<v<damejeanne>>": [
            "dame jeanne",
            "3.87 litre"
        ],
        "<v<firkin>>": [
            "firkin"
        ],
        "<v<goliath>>": [
            "goliath",
            "27 litre",
            "primat"
        ],
        "<v<growler>>": [
            "64 oz",
            "1.89",
            "growler"
        ],
        "<v<halfbottle>>": [
            "1/2",
            "demi bouteille",
            "284.13 millilitre",
            "37.5 centilitre",
            "13.2",
            "tenth",
            "0.5 bottle",
            "fillette",
            "0.378",
            "half",
            "half bottle",
            "568.26",
            "pint",
            "hbs",
            "hf",
            "0.375",
            "375 millilitre",
            "hb",
            "demi",
            "demis",
            "mitad de botella",
            "12.7",
            "demiboite",
            "hf bt"
        ],
        "<v<halflitre>>": [
            "imperial pint",
            "hf ltr",
            "0.5 litre",
            "half litre",
            "imp pt",
            "500 millilitre",
            "50 centilitre",
            "jennie"
        ],
        "<v<halfpint>>": [
            "200 millilitre",
            "half pint",
            "0.2 litre",
            "dickie",
            "naggin",
            "20 centilitre",
            "6.8"
        ],
        "<v<jeroboam>>": [
            "reho",
            "jeroboam",
            "rehoboam",
            "152.2",
            "101.4",
            "texas mickey",
            "double magnum",
            "jero",
            "d magnum",
            "dm",
            "3 litre",
            "jeroboams",
            "dmg",
            "4.5 litre"
        ],
        "<v<keg>>": [
            "keg"
        ],
        "<v<kilderkin>>": [
            "kilderkin",
            "81.83"
        ],
        "<v<magnum>>": [
            "magnum",
            "bt magnum",
            "magnum 1.50 ltr",
            "1.5 litre",
            "1500",
            "50.7"
        ],
        "<v<mariejeanne>>": [
            "marie jeanne",
            "2.25",
            "tregnum",
            "2.25 litre",
            "2 litre",
            "tappit hen",
            "m j",
            "two litre"
        ],
        "<v<mathusalem>>": [
            "methusela",
            "meth",
            "imperial",
            "methuselah",
            "methuselahs",
            "mathusalem",
            "imperiale",
            "202.9",
            "6 litre",
            "imp"
        ],
        "<v<mckenzie>>": [
            "5 litre",
            "mc kenzie"
        ],
        "<v<melchior>>": [
            "salomon",
            "608.7",
            "18 litre",
            "melchior",
            "solomon",
            "melr"
        ],
        "<v<melchizedek>>": [
            "30 litre",
            "midas",
            "melchizedek"
        ],
        "<v<nebuchadnezzar>>": [
            "15 litre",
            "nebu",
            "nebuchadnezzar",
            "nabuchodonozor",
            "507.2"
        ],
        "<v<nip>>": [
            "189 millilitre",
            "nip"
        ],
        "<v<pin>>": [
            "20.46 litre",
            "pin"
        ],
        "<v<pitcher>>": [
            "60 oz",
            "17.7 centilitre",
            "59.2",
            "half gallon",
            "1.77 litre",
            "pitcher",
            "177 millilitre",
            "1.75"
        ],
        "<v<quarterbarrel>>": [
            "pony keg",
            "29.33",
            "quarter barrel"
        ],
        "<v<quarterbottle>>": [
            "quart",
            "quarter bottle",
            "quarter",
            "cuarto de botella",
            "pony",
            "0.1875",
            "1/4",
            "piccolo",
            "187.5 millilitre",
            "single serving",
            "split",
            "benjamin",
            "6.3",
            "0.2",
            "snipe"
        ],
        "<v<salmanazar>>": [
            "9 litre",
            "salmanazar",
            "mordechai",
            "304.3",
            "salm"
        ],
        "<v<snorkel>>": [
            "1.8",
            "snorkel",
            "miniaturest",
            "50 millilitre",
            "miniature",
            "59.15",
            "1.7",
            "miniatures",
            "5 centilitre"
        ]
    }
}