original paper,papier de soie d'origine,avec son papier de soie
oc,in a case,original case,original fitted presentation case,Original presentation case,original sealed case,caisse d'origine,caisse scellé ,caisse de présentation d'origine,,caisse scellé d'origine,caisse scellée,caisse scellée
ocb,original card boxes,original cardboard case,occ,,,original carton,,original cartons,originalkarton,cs,original packaging,son carton,carton d'origine,Or. Ctn,cartons d'origine,carton original
ogb,original gift case,original giftbox,original giftboxes,caisse cadeau d'origine,caisse cadeau d'origine
owc,original wooden,o w c,original wood case,original wooden cases,owca,(owc),Caisse bois d'origine,,caisse en bois d'origine,original wood case,original wooden case,original wooden case,caisse d'origine en bois,OHK,Originalholzkiste,Original timber case,cbo,owcs,owc's,originalholzschatulle,original-holzkiste,owb
wc,presentation box,wooden box,wooden presentation box,in box,in case,wooden case,(wc),caisse bois,caisse en bois,holzkiste,csl,CB,boxed
(cn),card box,card case,gift box,gift case,carton,cn,cardboard case,cartons,karton,individual coffrets
nc,new case,with box,in box,new box,nb,repacked,repacked from owc,repacked from original,repacked from original wooden,repacked from original case,repacked from original case,,remballé,remballée,remballés,remballées,nouvel emballage,emballage neuf,repacked from owc,repacked from original case,repacked from original carton
without case,no original case,without wooden case,without original wooden case,unboxed
tissue wrapped,tissue and straw wrapped,enveloped in tissue
(sc),Sotheby’s carton,sc