sample,3
snorkel,miniature,50
quarter bottle,piccolo,pony,snipe,nip,189,187.5
180
quarter,200
chopine,250
330
350
half bottle,demi,hf bt,demi bouteille,hb,375
jennie,imperial pint,hf ltr,half litre,imp pt,500
660
standard bottle,bottle,bt,bttle,bttls,bout,bouteille,b,flasche,750,700,720
litre,ltr,1000,1130
magnum,bt mg,1500,1490
1750
marie jeanne,tregnum,tappit hen,2250
jeroboam,rehoboam,double magnum,3000,4500
mckenzie,5000
mathusalem,methuselah,imperial,imperiale,imp,meth,methusela,methuselah,6000
salmanazar,mordechai,salm,9000
belshazzar,balthazar,balth,12000
nebuchadnezzar,nabuchodonozor,nebu,15000
melchior,salomon,solomon,melr,18000