{
	"chateau" : ["chateau", "ch", "cht","chteau", "chtx", "chat", "chateaus", "chatea"],
	"domaine" : ["domaine", "dom", "dmn"],
	"st" : ["st", "saint", "sainte", "santa", "san", "ste", "sta"],
	"vintage" : ["vintage", "millesime"],
	"reserve" : ["reserve", "riserva"],
	"bottle"  : ["bottle", "bottles", "bts", "bttles", "bout", "bouteille", "bouteilles", "b", "flasche"],
	"box" : ["box", "boxes", "case", "cases", "cartons", "carton", "caisse", "karton", "boxed", "giftbox", "tube", "tubed", "tin"]
}