{
    "field": "box",
    "terminals": {
        "<box<cn>>": [
            "carton",
            "gift box",
            "karton",
            "gift case",
            "card case",
            "cardboard case",
            "card box",
            "cn",
            "individual case"
        ],
        "<box<damaged>>": [
            "damaged case",
            "damaged caisse",
            "damaged carton",
            "damaged box",
            "damaged cases",
            "case damaged",
            "caisse damaged",
            "carton damaged",
            "box damaged",
            "cases damaged"
        ],
        "<box<nc>>": [
            "nc",
            "repacked from original case",
            "nouvel emballage",
            "emballage neuf",
            "nb",
            "remballee",
            "new box",
            "repacked",
            "repacked from owc",
            "repacked from original wooden",
            "with box",
            "remballe",
            "remballes",
            "new case",
            "remballees",
            "repacked from original",
            "in box",
            "repacked from original carton"
        ],
        "<box<oc>>": [
            "d'origine case",
            "d'origine caisse",
            "d'origine carton",
            "d'origine box",
            "d'origine cases",
            "original case",
            "original caisse",
            "original carton",
            "original box",
            "original cases",
            "oc case",
            "oc caisse",
            "oc carton",
            "oc box",
            "oc cases",
            "originaux case",
            "originaux caisse",
            "originaux carton",
            "originaux box",
            "originaux cases",
            "originale case",
            "originale caisse",
            "originale carton",
            "originale box",
            "originale cases",
            "case d'origine",
            "caisse d'origine",
            "carton d'origine",
            "box d'origine",
            "cases d'origine",
            "case original",
            "caisse original",
            "carton original",
            "box original",
            "cases original",
            "case oc",
            "caisse oc",
            "carton oc",
            "box oc",
            "cases oc",
            "case originaux",
            "caisse originaux",
            "carton originaux",
            "box originaux",
            "cases originaux",
            "case originale",
            "caisse originale",
            "carton originale",
            "box originale",
            "cases originale",
            "original sealed case",
            "oc",
            "original presentation case",
            "original fitted presentation case",
            "caisse scelle",
            "caisse d'origine",
            "original case",
            "caisse de presentation d'origine",
            "caisse scelle d'origine",
            "caisse scellee"
        ],
        "<box<ocb>>": [
            "original card boxes",
            "carton original",
            "son carton",
            "original packaging",
            "original carton",
            "original cardboard case",
            "carton d'origine",
            "ocb",
            "occ",
            "cs",
            "originalkarton",
            "or ctn"
        ],
        "<box<ogb>>": [
            "caisse cadeau d'origine",
            "original giftbox",
            "original giftboxes",
            "original gift case",
            "ogb"
        ],
        "<box<originalpaper>>": [
            "original paper",
            "avec son papier de soie",
            "papier de soie d'origine"
        ],
        "<box<owc>>": [
            "original wooden case",
            "original wooden caisse",
            "original wooden carton",
            "original wooden box",
            "original wooden cases",
            "owc case",
            "owc caisse",
            "owc carton",
            "owc box",
            "owc cases",
            "case original wooden",
            "caisse original wooden",
            "carton original wooden",
            "box original wooden",
            "cases original wooden",
            "case owc",
            "caisse owc",
            "carton owc",
            "box owc",
            "cases owc",
            "owb",
            "original wooden",
            "original wood case",
            "o w c",
            "caisse d'origine en bois",
            "originalholzkiste",
            "owcs",
            "original wooden cases",
            "owc's",
            "originalholzschatulle",
            "owca",
            "cbo",
            "caisse bois d'origine",
            "owc",
            "caisse en bois d'origine",
            "ohk",
            "original holzkiste",
            "original wooden case",
            "original timber case"
        ],
        "<box<sc>>": [
            "sc",
            "sotheby's carton"
        ],
        "<box<tissuewrapped>>": [
            "tissue wrapped",
            "enveloped in tissue",
            "tissue and straw wrapped"
        ],
        "<box<wc>>": [
            "wooden presentation box",
			"presentation case",
            "wooden case",
            "caisse bois",
            "holzkiste",
            "wooden box",
            "csl",
            "wc",
            "caisse en bois",
            "cb",
            "boxed",
            "in case",
            "in box"
        ],
        "<box<withoutcase>>": [
            "without original wooden case",
            "unboxed",
            "without case",
            "no original case",
            "without wooden case"
        ]
    }
}