{
    "field": "capsule",
    "terminals": {
        "<cap_1<ca>>": [
            "clma",
            "vsl dam capsule",
            "cla",
            "sl dam"
        ],
        "<cap_1<cc>>": [
            "lcc",
            "scc",
            "loxc"
        ],
        "<cap_1<ccv>>": [],
        "<cap_1<crc>>": [
            "lcrc"
        ],
        "<cap_1<cuc>>": [
            "lcuc"
        ],
        "<cap_1<dirtycapsule>>": [],
        "<cap_1<nc>>": [
            "lnc",
            "snc"
        ],
        "<cap_1<noc>>": [],
        "<cap_1<productionhole>>": [],
        "<cap_1<tc>>": [
            "ltc"
        ],
        "<cap_1<wc>>": [],
        "<cap_1<wxc>>": []
    }
}