{
    "field": "capsule",
    "terminals": {
        "<cap_2<ca>>": [
            "capsule ab",
            "ca"
        ],
        "<cap_2<cc>>": [
            "cc",
            "co"
        ],
        "<cap_2<ccv>>": [
            "ccv",
            "capsule dec"
        ],
        "<cap_2<crc>>": [
            "crc"
        ],
        "<cap_2<cuc>>": [
            "cuc"
        ],
        "<cap_2<dirtycapsule>>": [
            "dirty capsule",
            "cs"
        ],
        "<cap_2<nc>>": [
            "nc"
        ],
        "<cap_2<noc>>": [
            "sc",
            "noc"
        ],
        "<cap_2<productionhole>>": [
            "production hole"
        ],
        "<cap_2<tc>>": [
            "tc"
        ],
        "<cap_2<wc>>": [
            "wc"
        ],
        "<cap_2<wxc>>": [
            "wxc"
        ]
    }
}