{
    "field": "capsule",
    "terminals": {
        "<cap_3<ca>>": [],
        "<cap_3<cc>>": [
            "hcc",
            "hoxc"
        ],
        "<cap_3<ccv>>": [],
        "<cap_3<crc>>": [
            "hcrc"
        ],
        "<cap_3<cuc>>": [
            "uncovered cork",
            "exposed cork"
        ],
        "<cap_3<dirtycapsule>>": [],
        "<cap_3<nc>>": [
            "hnc"
        ],
        "<cap_3<noc>>": [],
        "<cap_3<productionhole>>": [],
        "<cap_3<tc>>": [
            "htc"
        ],
        "<cap_3<wc>>": [],
        "<cap_3<wxc>>": []
    }
}