{
    "field": "cork",
    "terminals": {
        "<ck_2<damagedcork>>": [],
        "<ck_2<dc>>": [
            "dc"
        ],
        "<ck_2<inthebottlecork>>": [],
        "<ck_2<pc>>": [
            "pc"
        ],
        "<ck_2<recorked>>": [
            "reconditioned",
            "recorked",
            "re corked",
            "r c"
        ],
        "<ck_2<sos>>": [
            "signs of seepage",
            "sos",
            "seepage",
            "ss",
            "over level seepage",
            "old seepage",
            "sign of seepage",
            "ofs"
        ]
    }
}