{
    "field": "label",
    "terminals": {
        "<l_3<bsl>>": [],
        "<l_3<damagedlabel>>": [
            "eta"
        ],
        "<l_3<fl>>": [
            "ets"
        ],
        "<l_3<gsl>>": [],
        "<l_3<handwrittenlabel>>": [],
        "<l_3<ll>>": [],
        "<l_3<nl>>": [],
        "<l_3<nol>>": [],
        "<l_3<relabeled>>": [],
        "<l_3<sb>>": [],
        "<l_3<scl>>": [],
        "<l_3<sl>>": [],
        "<l_3<tal>>": [
            "e q i"
        ],
        "<l_3<tl>>": [
            "etd"
        ],
        "<l_3<tsl>>": [],
        "<l_3<wasl>>": [],
        "<l_3<wisl>>": [],
        "<l_3<wl>>": [],
        "<l_3<wrl>>": []
    }
}