{
    "field": "ullage",
    "terminals": {
        "<u<10>>": [
            "very slightly low level",
            "very slightly low levels",
            "very slightly low fill",
            "very slightly low fills",
            "very slightly low filling",
            "very slightly low ullage",
            "level very slightly low",
            "levels very slightly low",
            "fill very slightly low",
            "fills very slightly low",
            "filling very slightly low",
            "ullage very slightly low",
            "3 cm",
			"3 cms",
            "1.2 inch",
            "1.18 in",
            "1 1/4 in",
            "1.2 in",
            "1 1/4 inch",
            "1.18 inch",
            "below base of neck",
            "low neck high shoulder",
            "vts",
            "very slightly low",
            "very capsule shoulder",
            "vsl",
            "just below base of neck",
            "below neck"
        ],
        "<u<11>>": [
            "3.5 cm",
            "1.38 in",
            "1 3/8 in",
            "1.4 inch",
            "1.38 inch",
            "3-4 cm",
            "1.4 in",
            "1 3/8 inch",
            "ts",
            "capsule of the shoulder",
            "capsule shoulder"
        ],
        "<u<12>>": [
            "slightly lower level",
            "slightly lower levels",
            "slightly lower fill",
            "slightly lower fills",
            "slightly lower filling",
            "slightly lower ullage",
            "slightly low level",
            "slightly low levels",
            "slightly low fill",
            "slightly low fills",
            "slightly low filling",
            "slightly low ullage",
            "level slightly lower",
            "levels slightly lower",
            "fill slightly lower",
            "fills slightly lower",
            "filling slightly lower",
            "ullage slightly lower",
            "level slightly low",
            "levels slightly low",
            "fill slightly low",
            "fills slightly low",
            "filling slightly low",
            "ullage slightly low",
            "lb",
            "sl",
            "jbts",
            "vhs",
            "very high shoulder",
			"very top shoulder",
            "just below capsule shoulder"
        ],
        "<u<13>>": [
            "1 1/2 in",
            "3.8 cm",
            "1.5 in",
            "1 1/2 inch",
            "1.5 inch",
            "high shoulder",
			"top shoulder",
			"top of shoulder",
            "in shoulder",
            "within shoulder",
            "hs"
        ],
        "<u<14>>": [
            "1 5/8 in",
            "4 cm",
			"4 cms",
            "1 5/8 inch",
            "1.6 inch",
            "1.6 in",
            "htms",
            "upper mid shoulder",
            "high to mid shoulder",
            "mid upper shoulder",
            "high mid shoulder",
            "mid to high shoulder",
            "upper to mid shoulder",
            "mid high shoulder",
            "upper part of shoulder",
            "upper shoulder"
        ],
        "<u<15>>": [
            "1.75 inch",
            "1 3/4 inch",
            "1 3/4 in",
            "1.75 in",
            "1.7 inch",
            "4.5 cm",
            "1.7 in",
            "mid sh",
            "mid shoulder",
            "ms",
            "mb"
        ],
        "<u<16>>": [
            "4.75 cm",
            "1 7/8 inch",
            "1.8 inch",
            "1 7/8 in",
            "1.8 in"
        ],
        "<u<17>>": [
            "5 cm",
            "2 inch",
            "2 in",
			"5 cms below",
            "mid low shoulder",
            "mls",
            "mid to low shoulder",
            "lms"
        ],
        "<u<18>>": [
            "5.5 cm",
			"5 to 6 cms",
			"5.5 cms",
            "2 1/8 inch",
            "2.2 inch",
            "2.1 in",
            "2.2 in",
            "2.1 inch",
            "2 1/8 in"
        ],
        "<u<19>>": [
            "5.7 cm",
            "2 1/4 inch",
            "2 1/4 in"
        ],
        "<u<1>>": [
            "0.12 in",
            "1/8 in",
            "0.12 inch",
            "0.3 cm",
            "1/8 inch"
        ],
        "<u<20>>": [
            "2 3/8 inch",
            "2 3/8 in",
            "6 cm",
			"6 cms",
            "2.3 in",
            "2.36 in",
            "2.36 inch",
            "2.3 inch",
            "bls",
            "below to low shoulder",
			"bottom of shoulder",
			"below bottom shoulder",
            "low below shoulder",
            "below low shoulder",
            "low to below shoulder",
            "low shoulder to below shoulder"
        ],
        "<u<21>>": [
            "low level",
            "low levels",
            "low fill",
            "low fills",
            "low filling",
            "low ullage",
            "lower level",
            "lower levels",
            "lower fill",
            "lower fills",
            "lower filling",
            "lower ullage",
            "level low",
            "levels low",
            "fill low",
            "fills low",
            "filling low",
            "ullage low",
            "level lower",
            "levels lower",
            "fill lower",
            "fills lower",
            "filling lower",
            "ullage lower",
            "2.5 in",
            "6.5 cm",
            "2 1/2 inch",
            "2 1/2 in",
            "2.5 inch",
            "ls",
            "low shoulder",
            "lower shoulder"
        ],
        "<u<22>>": [
            "2 5/8 in",
            "6.7 cm",
            "2 5/8 inch"
        ],
        "<u<23>>": [
			"very low shoulder",
            "very low level",
            "very low levels",
            "very low fill",
            "very low fills",
            "very low filling",
            "very low ullage",
            "level very low",
            "levels very low",
            "fill very low",
            "fills very low",
            "filling very low",
            "ullage very low",
            "7 cm",
            "2 3/4 inch",
            "2.8 inch",
            "2.8 in",
            "2 3/4 in",
            "2.75 inch",
            "2.75 in",
            "below shoulder",
            "high body",
            "bs"
        ],
        "<u<24>>": [
            "2 7/8 in",
            "2.9 in",
            "7.3 cm",
            "2 7/8 inch",
            "2.9 inch"
        ],
        "<u<25>>": [
            "7.5 cm",
            "3 in",
            "3 inch"
        ],
        "<u<26>>": [
            "3.1 inch",
            "8 cm",
            "3.1 in",
            "3 1/8 in",
            "3 1/8 inch"
        ],
        "<u<2>>": [
            "0.5 cm",
            "1/4 in",
            "0.2 in",
            "1/4 inch",
            "0.2 inch",
            "0-1 cm"
        ],
        "<u<3>>": [
			"full level",
            "high level",
            "high levels",
            "high fill",
            "high fills",
            "high filling",
            "high ullage",
            "perfect level",
            "perfect levels",
            "perfect fill",
            "perfect fills",
            "perfect filling",
            "perfect ullage",
            "excellent level",
			"level in excellent condition",
            "excellent levels",
            "excellent fill",
            "excellent fills",
            "excellent filling",
            "excellent ullage",
            "level high",
            "levels high",
            "fill high",
            "fills high",
            "filling high",
            "ullage high",
            "level perfect",
            "levels perfect",
            "fill perfect",
            "fills perfect",
            "filling perfect",
            "ullage perfect",
            "level excellent",
            "levels excellent",
            "fill excellent",
            "fills excellent",
            "filling excellent",
            "ullage excellent",
            "0.4 inch",
            "1 cm",
            "3/8 inch",
            "0.4 in",
            "3/8 in",
            "high in neck",
            "hf",
            "high level",
            "high neck",
			"below base of foil",
			"base of foil",
            "hl",
            "hn"
        ],
        "<u<4>>": [
            "1-1.5 cm",
            "0.5 inch",
            "1.3 cm",
            "1/2 in",
            "1.25 cm",
            "0.5 in",
            "1/2 inch",
            "1.2 cm"
        ],
        "<u<5>>": [
            "0.6 in",
            "0.6 inch",
            "1-2 cm",
            "5/8 in",
            "5/8 inch",
            "1.5 cm"
        ],
        "<u<6>>": [
            "very good level",
            "very good levels",
            "very good fill",
            "very good fills",
            "very good filling",
            "very good ullage",
            "level very good",
            "levels very good",
            "fill very good",
            "fills very good",
            "filling very good",
            "ullage very good",
            "2 cm",
			"2.0 cm",
            "0.8 inch",
            "3/4 in",
            "0.8 in",
            "3/4 inch",
            "mid neck",
            "mn",
            "in neck",
			"at the neck",
            "in the neck",
            "into the neck",
            "into neck",
            "within neck",
            "high up to the cork",
            "high in the neck"
        ],
        "<u<7>>": [
            "2.25 cm",
            "1.5-3 cm",
            "0.9 inch",
            "0.9 in",
            "2.2 cm",
            "2.3 cm",
            "7/8 in",
            "7/8 inch",
            "mid low neck"
        ],
        "<u<8>>": [
            "normal level",
            "normal levels",
            "normal fill",
            "normal fills",
            "normal filling",
            "normal ullage",
            "low neck level",
            "low neck levels",
            "low neck fill",
            "low neck fills",
            "low neck filling",
            "low neck ullage",
            "good level",
            "good levels",
            "good fill",
            "good fills",
            "good filling",
            "good ullage",
            "level normal",
            "levels normal",
            "fill normal",
            "fills normal",
            "filling normal",
            "ullage normal",
            "level low neck",
            "levels low neck",
            "fill low neck",
            "fills low neck",
            "filling low neck",
            "ullage low neck",
            "level good",
            "levels good",
            "fill good",
            "fills good",
            "filling good",
            "ullage good",
            "2.4 cm",
            "2-3 cm",
            "2.6 cm",
            "2.5 cm",
            "1 in",
            "1 inch",
            "lower part of the neck",
            "low neck",
            "lower neck",
            "bottom of the neck",
            "base of neck",
            "base neck",
            "bottom neck",
            "bn",
			"base level of the neck",
            "base of the neck"
        ],
        "<u<9>>": [
            "1 1/8 inch",
            "1 1/8 in",
            "2.8 cm"
        ]
    }
}