{
    "field": "ullage",
    "terminals": {
        "<u<10>>": [
            "tres legerement bas niveau",
            "tres legerement bas niveaux",
            "tres legerement bas remplissage",
            "tres legerement bas remplissages",
            "tres legerement basse niveau",
            "tres legerement basse niveaux",
            "tres legerement basse remplissage",
            "tres legerement basse remplissages",
            "niveau tres legerement bas",
            "niveaux tres legerement bas",
            "remplissage tres legerement bas",
            "remplissages tres legerement bas",
            "niveau tres legerement basse",
            "niveaux tres legerement basse",
            "remplissage tres legerement basse",
            "remplissages tres legerement basse",
            "3 cm",
            "1.2 inch",
            "1.18 in",
            "1 1/4 in",
            "1.2 in",
            "1 1/4 inch",
            "1.18 inch",
            "below base of neck",
            "low neck high shoulder",
            "vts",
            "very slightly low",
            "very capsule shoulder",
            "vsl",
            "just below base of neck",
            "below neck",
            "ntlb",
            "tlb"
        ],
        "<u<11>>": [
            "3.5 cm",
            "1.38 in",
            "1 3/8 in",
            "1.4 inch",
            "1.38 inch",
            "3-4 cm",
            "1.4 in",
            "1 3/8 inch",
            "ts",
            "capsule of the shoulder",
            "capsule shoulder",
            "de",
            "bas goulot limite haut epaule",
            "sommita della spalla",
            "tout en haut epaule",
            "bas goulot limite haute epaule",
            "debut epaule"
        ],
        "<u<12>>": [
            "legerement bas niveau",
            "legerement bas niveaux",
            "legerement bas remplissage",
            "legerement bas remplissages",
            "legerement basse niveau",
            "legerement basse niveaux",
            "legerement basse remplissage",
            "legerement basse remplissages",
            "niveau legerement bas",
            "niveaux legerement bas",
            "remplissage legerement bas",
            "remplissages legerement bas",
            "niveau legerement basse",
            "niveaux legerement basse",
            "remplissage legerement basse",
            "remplissages legerement basse",
            "lb",
            "sl",
            "jbts",
            "vhs",
            "very high shoulder",
            "just below capsule shoulder",
            "lb",
            "tout en haut epaule",
            "he",
            "tres haute epaule",
            "the",
            "nlb"
        ],
        "<u<13>>": [
            "1 1/2 in",
            "3.8 cm",
            "1.5 in",
            "1 1/2 inch",
            "1.5 inch",
            "high shoulder",
            "shoulder",
            "in shoulder",
            "within shoulder",
            "hs",
            "haute epaule",
            "eh",
            "epaule haute",
            "spalla",
            "he",
            "haut epaule"
        ],
        "<u<14>>": [
            "1 5/8 in",
            "4 cm",
            "1 5/8 inch",
            "1.6 inch",
            "1.6 in",
            "htms",
            "us",
            "upper mid shoulder",
            "high to mid shoulder",
            "mid upper shoulder",
            "high mid shoulder",
            "mid to high shoulder",
            "upper to mid shoulder",
            "mid high shoulder",
            "upper part of shoulder",
            "upper shoulder",
            "epaule superieure",
            "me",
            "es"
        ],
        "<u<15>>": [
            "moyennement basse niveau",
            "moyennement basse niveaux",
            "moyennement basse remplissage",
            "moyennement basse remplissages",
            "moyennement bas niveau",
            "moyennement bas niveaux",
            "moyennement bas remplissage",
            "moyennement bas remplissages",
            "niveau moyennement basse",
            "niveaux moyennement basse",
            "remplissage moyennement basse",
            "remplissages moyennement basse",
            "niveau moyennement bas",
            "niveaux moyennement bas",
            "remplissage moyennement bas",
            "remplissages moyennement bas",
            "1.75 inch",
            "1 3/4 inch",
            "1 3/4 in",
            "1.75 in",
            "1.7 inch",
            "4.5 cm",
            "1.7 in",
            "mid sh",
            "mid shoulder",
            "ms",
            "mb",
            "epaule moyenne",
            "me",
            "mi epaule",
            "spalla media"
        ],
        "<u<16>>": [
            "4.75 cm",
            "1 7/8 inch",
            "1.8 inch",
            "1 7/8 in",
            "1.8 in"
        ],
        "<u<17>>": [
            "5 cm",
            "2 inch",
            "2 in",
            "mid low shoulder",
            "mls",
            "mid to low shoulder",
            "lms",
            "epaule basse a moyenne",
            "epaule moyenne a basse"
        ],
        "<u<18>>": [
            "5.5 cm",
            "2 1/8 inch",
            "2.2 inch",
            "2.1 in",
            "2.2 in",
            "2.1 inch",
            "2 1/8 in"
        ],
        "<u<19>>": [
            "5.7 cm",
            "2 1/4 inch",
            "2 1/4 in"
        ],
        "<u<1>>": [
            "0.12 in",
            "1/8 in",
            "0.12 inch",
            "0.3 cm",
            "1/8 inch"
        ],
        "<u<20>>": [
            "2 3/8 inch",
            "2 3/8 in",
            "6 cm",
            "2.3 in",
            "2.36 in",
            "2.36 inch",
            "2.3 inch",
            "bls",
            "below to low shoulder",
            "low below shoulder",
            "below low shoulder",
            "low to below shoulder",
            "low shoulder to below shoulder"
        ],
        "<u<21>>": [
            "bas niveau",
            "bas niveaux",
            "bas remplissage",
            "bas remplissages",
            "niveau bas",
            "niveaux bas",
            "remplissage bas",
            "remplissages bas",
            "2.5 in",
            "6.5 cm",
            "2 1/2 inch",
            "2 1/2 in",
            "2.5 inch",
            "ls",
            "low shoulder",
            "lower shoulder",
            "be",
            "spalla bassa",
            "bas epaule",
            "nb",
            "epaule basse",
            "basse epaule"
        ],
        "<u<22>>": [
            "2 5/8 in",
            "6.7 cm",
            "2 5/8 inch"
        ],
        "<u<23>>": [
            "tres bas niveau",
            "tres bas niveaux",
            "tres bas remplissage",
            "tres bas remplissages",
            "niveau tres bas",
            "niveaux tres bas",
            "remplissage tres bas",
            "remplissages tres bas",
            "7 cm",
            "2 3/4 inch",
            "2.8 inch",
            "2.8 in",
            "2 3/4 in",
            "2.75 inch",
            "2.75 in",
            "below shoulder",
            "high body",
            "bs",
            "sous l'epaule",
            "gv",
            "vidange",
            "fine spalla",
            "en dessous de l'epaule",
            "sous epaule",
            "en dessous de l'epaule basse",
            "grande vidange",
            "v",
            "vid"
        ],
        "<u<24>>": [
            "2 7/8 in",
            "2.9 in",
            "7.3 cm",
            "2 7/8 inch",
            "2.9 inch"
        ],
        "<u<25>>": [
            "7.5 cm",
            "3 in",
            "3 inch"
        ],
        "<u<26>>": [
            "3.1 inch",
            "8 cm",
            "3.1 in",
            "3 1/8 in",
            "3 1/8 inch"
        ],
        "<u<2>>": [
            "0.5 cm",
            "1/4 in",
            "0.2 in",
            "1/4 inch",
            "0.2 inch",
            "0-1 cm"
        ],
        "<u<3>>": [
            "irreproachable niveau",
            "irreproachable niveaux",
            "irreproachable remplissage",
            "irreproachable remplissages",
            "parfait niveau",
            "parfait niveaux",
            "parfait remplissage",
            "parfait remplissages",
            "impeccable niveau",
            "impeccable niveaux",
            "impeccable remplissage",
            "impeccable remplissages",
            "haut niveau",
            "haut niveaux",
            "haut remplissage",
            "haut remplissages",
            "irreproachables niveau",
            "irreproachables niveaux",
            "irreproachables remplissage",
            "irreproachables remplissages",
            "impeccables niveau",
            "impeccables niveaux",
            "impeccables remplissage",
            "impeccables remplissages",
            "niveau irreproachable",
            "niveaux irreproachable",
            "remplissage irreproachable",
            "remplissages irreproachable",
            "niveau parfait",
            "niveaux parfait",
            "remplissage parfait",
            "remplissages parfait",
            "niveau impeccable",
            "niveaux impeccable",
            "remplissage impeccable",
            "remplissages impeccable",
            "niveau haut",
            "niveaux haut",
            "remplissage haut",
            "remplissages haut",
            "niveau irreproachables",
            "niveaux irreproachables",
            "remplissage irreproachables",
            "remplissages irreproachables",
            "niveau impeccables",
            "niveaux impeccables",
            "remplissage impeccables",
            "remplissages impeccables",
            "0.4 inch",
            "1 cm",
            "3/8 inch",
            "0.4 in",
            "3/8 in",
            "high in neck",
            "hf",
            "high level",
            "high neck",
            "hl",
            "n",
            "hn"
        ],
        "<u<4>>": [
            "1-1.5 cm",
            "0.5 inch",
            "1.3 cm",
            "1/2 in",
            "1.25 cm",
            "0.5 in",
            "1/2 inch",
            "1.2 cm"
        ],
        "<u<5>>": [
            "0.6 in",
            "0.6 inch",
            "1-2 cm",
            "5/8 in",
            "5/8 inch",
            "1.5 cm"
        ],
        "<u<6>>": [
            "tres bons niveau",
            "tres bons niveaux",
            "tres bons remplissage",
            "tres bons remplissages",
            "tres bon niveau",
            "tres bon niveaux",
            "tres bon remplissage",
            "tres bon remplissages",
            "niveau tres bons",
            "niveaux tres bons",
            "remplissage tres bons",
            "remplissages tres bons",
            "niveau tres bon",
            "niveaux tres bon",
            "remplissage tres bon",
            "remplissages tres bon",
            "2 cm",
            "0.8 inch",
            "3/4 in",
            "0.8 in",
            "3/4 inch",
            "mid neck",
            "mn",
            "in neck",
            "in the neck",
            "into the neck",
            "into neck",
            "within neck",
            "high up to the cork",
            "high in the neck",
            "goulot haut",
            "mi goulot",
            "haut goulot",
            "entro il collo",
            "entro collo",
            "p"
        ],
        "<u<7>>": [
            "2.25 cm",
            "1.5-3 cm",
            "0.9 inch",
            "0.9 in",
            "2.2 cm",
            "2.3 cm",
            "7/8 in",
            "7/8 inch",
            "mid low neck"
        ],
        "<u<8>>": [
            "bons niveau",
            "bons niveaux",
            "bons remplissage",
            "bons remplissages",
            "juste niveau",
            "juste niveaux",
            "juste remplissage",
            "juste remplissages",
            "bon niveau",
            "bon niveaux",
            "bon remplissage",
            "bon remplissages",
            "normal niveau",
            "normal niveaux",
            "normal remplissage",
            "normal remplissages",
            "normaux niveau",
            "normaux niveaux",
            "normaux remplissage",
            "normaux remplissages",
            "niveau bons",
            "niveaux bons",
            "remplissage bons",
            "remplissages bons",
            "niveau juste",
            "niveaux juste",
            "remplissage juste",
            "remplissages juste",
            "niveau bon",
            "niveaux bon",
            "remplissage bon",
            "remplissages bon",
            "niveau normal",
            "niveaux normal",
            "remplissage normal",
            "remplissages normal",
            "niveau normaux",
            "niveaux normaux",
            "remplissage normaux",
            "remplissages normaux",
            "2.4 cm",
            "2-3 cm",
            "2.6 cm",
            "2.5 cm",
            "1 in",
            "1 inch",
            "lower part of the neck",
            "low neck",
            "lower neck",
            "bottom of the neck",
            "base of neck",
            "base neck",
            "bottom neck",
            "bn",
            "base of the neck",
            "goulot base",
            "mi bas goulot",
            "base du goulot",
            "bas de goulot",
            "j",
            "bas du goulot",
            "base du col",
            "collo inferiore",
            "base goulot",
            "bas goulot haute epaule",
            "bg",
            "bas goulot"
        ],
        "<u<9>>": [
            "1 1/8 inch",
            "1 1/8 in",
            "2.8 cm"
        ]
    }
}