{
    "field": "colour_qualifier",
    "terminals": {
        "#colqr#brownedcolour##": [
            "brun",
            "brunis",
            "bruni",
            "brown",
            "bruns",
            "brunes",
            "brune",
            "brunie",
            "browned"
        ],
        "#colqr#dclcolour##": [
            "dcl",
            "dark"
        ],
        "#colqr#lclcolour##": [
            "light",
            "lcl"
        ],
        "#colqr#noissuecolour##": [
            "incroyable",
            "etat impeccables",
            "magnifique",
            "exceptionelles",
            "e",
            "super",
            "etat parfait",
            "etat magnifique",
            "superbe etat",
            "vga",
            "excellente",
            "tres beau",
            "lisibles",
            "remarquable",
            "bon",
            "aucun defauts",
            "tres bon etat",
            "superbe",
            "exceptionels",
            "impeccables",
            "tres bonne",
            "tres bel",
            "etat superbe",
            "parfait etat",
            "etat impeccable",
            "tres bon",
            "propre",
            "aucun problemes",
            "beau",
            "sans defauts",
            "parfait",
            "impeccable",
            "bel etat",
            "pas de problemes",
            "mb",
            "bon etat",
            "belle",
            "pas de defauts",
            "fantastique",
            "bel",
            "tres bel etat",
            "lisible",
            "etat incroyable",
            "bonne",
            "etat fantastique",
            "parfaite",
            "tres belle",
            "ras",
            "excellent etat",
            "exceptionelle",
            "exceptionel"
        ],
        "#colqr#obscuredcolour##": [
            "obscured",
            "obscurcis",
            "obscurcies",
            "obscurcie",
            "obscurci"
        ],
        "#colqr#poorcolour##": [
            "poor",
            "mauvaise"
        ],
        "#colqr#sedimentcolour##": [
            "sediments",
            "sediment"
        ],
        "#colqr#yellowedcolour##": [
            "jaunis",
            "jauni",
            "jaunies",
            "yellowed",
            "jaunie"
        ]
    }
}