{
    "field": "label_qualifier",
    "terminals": {
        "#lqr#bsl##": [
            "noircies",
            "salie",
            "poussiereux",
            "souillees",
            "empoussiereee",
            "sales",
            "poussiere",
            "noircie",
            "saletes",
            "sale",
            "poussiereuses",
            "jaunie",
            "empoussieree",
            "jaunies",
            "poussiereuse",
            "brunies",
            "brunie",
            "salete",
            "souillee",
            "salies"
        ],
        "#lqr#damagedlabel##": [
            "deteriore",
            "accident",
            "accidentee",
            "endomagee",
            "illisible",
            "endommagee",
            "endomagees",
            "degats",
            "degat",
            "endommagees",
            "accidentees",
            "illisibles",
            "degrades",
            "abimee",
            "accidents",
            "abimes",
            "abimees",
            "degrade",
            "abime",
            "deteriores"
        ],
        "#lqr#fl##": [
            "delavees",
            "fanee",
            "delave",
            "frottee",
            "decolorations",
            "delaves",
            "frottees",
            "decoloree",
            "decolorees",
            "delevee",
            "decoloration",
            "fanees",
            "deteinte"
        ],
        "#lqr#gsl##": [
            "trace de colle",
            "marque de colle",
            "tache de colle",
            "marques de colle",
            "taches de colle",
            "traces de colle"
        ],
        "#lqr#handwrittenlabel##": [
            "a la main",
            "manuscrite",
            "manuscrites"
        ],
        "#lqr#ll##": [
            "decollee",
            "detache",
            "decolle",
            "detaches",
            "souleve",
            "detachement",
            "decollees",
            "detechee",
            "decollement",
            "detachees"
        ],
        "#lqr#nl##": [
            "entaillees",
            "trous",
            "coupure",
            "coupee",
            "coupures",
            "piquee",
            "entaillee",
            "piqures",
            "coupees",
            "entaille",
            "trou",
            "entailles",
            "piqure"
        ],
        "#lqr#nol##": [
            "inexistante",
            "disparues",
            "perdue",
            "egarees",
            "desintegrees",
            "manque",
            "absentes",
            "disparue",
            "perdues",
            "manquantes",
            "sans",
            "absente",
            "manquante",
            "desintegree",
            "egaree",
            "inexistantes",
            "aucune"
        ],
        "#lqr#relabeled##": [
            "nouvelle"
        ],
        "#lqr#sb##": [
            "signees",
            "signes",
            "signee",
            "signe"
        ],
        "#lqr#scl##": [
            "eraflures",
            "rayure",
            "eraflee",
            "eraflees",
            "griffee",
            "griffures",
            "rayees",
            "eraflure",
            "rayee",
            "rayures",
            "griffure",
            "griffees",
            "accroc",
            "accrocs"
        ],
        "#lqr#sl##": [
            "taches",
            "teintees",
            "mouchetees",
            "tachee",
            "coloree",
            "marque",
            "coloration",
            "teintee",
            "marques",
            "trace",
            "traces",
            "tache",
            "tachees",
            "colorees",
            "colores",
            "colorations",
            "marquees",
            "marquee"
        ],
        "#lqr#tal##": [
            "en lambeaux",
            "en morceaux"
        ],
        "#lqr#tl##": [
            "dechirees",
            "dechirures",
            "dechire",
            "dechirure",
            "dechires",
            "dechiree"
        ],
        "#lqr#tsl##": [
            "papier de soie",
            "papiers de soie",
            "papiers de soies",
            "deteint"
        ],
        "#lqr#wasl##": [
            "mouillees",
            "moisie",
            "humidite",
            "tachee a l'eau",
            "moisissure",
            "mouillee",
            "trace d'eau",
            "moisies",
            "mouillure",
            "tache d'humidite",
            "humides",
            "trempees",
            "humide",
            "trempee",
            "taches d'humidite",
            "mouillures",
            "traces d'eau",
            "tache d'eau",
            "tachees a l'eau",
            "moisissures",
            "taches d'eau"
        ],
        "#lqr#wisl##": [
            "tachee de vin",
            "traces de vin",
            "tachees de vin",
            "trace de vin",
            "tache de vin",
            "taches de vin",
            "teintees au vin",
            "teintee au vin"
        ],
        "#lqr#wl##": [
            "ecriture sur l'etiquette",
            "ecritures sur l'etiquette",
            "tache de stylo",
            "ecriture sur",
            "marquees au stylo",
            "marque de stylo",
            "marquee au stylo",
            "marques de stylo",
            "marques d'encre"
        ],
        "#lqr#wrl##": [
            "deterioree",
            "ridee",
            "fanee",
            "froissees",
            "plis",
            "fripee",
            "pliee",
            "usures",
            "fripees",
            "usure",
            "froissee",
            "ridees",
            "pliees",
            "pli",
            "usee",
            "mauvais etat",
            "deteriorees",
            "usees",
            "fanees",
            "plissees"
        ]
    }
}