{
    "field": "capsule_qualifier",
    "terminals": {
        "#capqr#ca##": [
            "deteriore",
            "accident",
            "accidentee",
            "endomagee",
            "illisible",
            "endommagee",
            "endomagees",
            "degats",
            "degat",
            "endommagees",
            "accidentees",
            "illisibles",
            "degrades",
            "abimee",
            "accidents",
            "abimes",
            "abimees",
            "degrade",
            "abime",
            "deteriores"
        ],
        "#capqr#cc##": [
            "corrosion",
            "oxydation",
            "oxydations",
            "moisie",
            "moisies",
            "oxidee",
            "oxydees",
            "corrosions",
            "corrodees",
            "corrodee",
            "corrodant"
        ],
        "#capqr#ccv##": [
            "decoupee pour verification",
            "decoupee par expert",
            "decoupee par un expert",
            "decoupees pour verification",
            "decoupee pour lecture",
            "decoupees pour expertise",
            "decoupees par expert",
            "decoupees pour lecture",
            "decoupee pour expertise",
            "decoupees par un expert"
        ],
        "#capqr#crc##": [
            "felees",
            "fissuree",
            "felee",
            "felure",
            "cassees",
            "fracturees",
            "fissure",
            "fissures",
            "cassee",
            "brisee",
            "brisees",
            "felures",
            "fracturee",
            "fendue",
            "craquelee",
            "fendues",
            "craquelees",
            "fentes",
            "fente",
            "fissurees"
        ],
        "#capqr#cuc##": [
            "incision",
            "incisions",
            "coupee",
            "coupees",
            "decoupees",
            "decoupee"
        ],
        "#capqr#dirtycapsule##": [
            "souillees",
            "sales",
            "souillee",
            "sale"
        ],
        "#capqr#nc##": [
            "entaillees",
            "eraflures",
            "eraflee",
            "eraflees",
            "eraflure",
            "ebrechee",
            "entaillee",
            "entaille",
            "entailles",
            "ebrechees"
        ],
        "#capqr#noc##": [],
        "#capqr#productionhole##": [
            "percees",
            "trouees",
            "trous",
            "percee",
            "trouee",
            "trou"
        ],
        "#capqr#tc##": [
            "decihrees",
            "dechiree",
            "dechirure",
            "dechirures"
        ],
        "#capqr#wc##": [
            "tordue",
            "usures",
            "fripees",
            "mauvais etat",
            "usees",
            "plis",
            "tordues",
            "usure",
            "fanees",
            "deterioree",
            "ridee",
            "fripee",
            "pliee",
            "ridees",
            "froissee",
            "pli",
            "usee",
            "deteriorees",
            "fanee",
            "froissees",
            "pliees",
            "plissees"
        ],
        "#capqr#wxc##": [
            "ciree",
            "cirees"
        ]
    }
}