{
    "field": "capsule_qualifier",
    "terminals": {
        "#capqr#ca##": [
            "damage",
            "deteriorated",
            "affected",
            "bad condition",
            "illegible",
            "poor condition",
            "damages",
            "unreadable",
            "damaged"
        ],
        "#capqr#cc##": [
            "corrosion",
            "corroded",
            "mildewed",
            "oxidated",
            "oxidized",
            "corroding",
            "oxidised",
            "oxidation"
        ],
        "#capqr#ccv##": [
            "cut by expert",
            "cut for verification",
            "cut by an expert",
            "cut for reading"
        ],
        "#capqr#crc##": [
            "crack",
            "broken",
            "crowned",
            "cracks",
            "cracked"
        ],
        "#capqr#cuc##": [
            "cut"
        ],
        "#capqr#dirtycapsule##": [
            "dirty",
            "soiled"
        ],
        "#capqr#nc##": [
            "chips",
            "teared",
            "tearing",
            "nick in",
            "tears",
            "tear",
            "nicked",
            "scuffed",
            "nicks in",
            "chip",
            "nick to the",
            "chipped",
            "nicks to the"
        ],
        "#capqr#noc##": [
            "lack of",
            "missing",
            "no",
            "without",
            "lacking",
            "absence of"
        ],
        "#capqr#productionhole##": [
            "holes in the",
            "hole in",
            "pierced",
            "hole in the",
            "holes in"
        ],
        "#capqr#tc##": [
            "torn",
            "ripped"
        ],
        "#capqr#wc##": [
            "wrinckle",
            "twisted",
            "creased",
            "wrinkled",
            "crease",
            "wrinckles",
            "worn",
            "wear to",
            "crumpled"
        ],
        "#capqr#wxc##": [
            "waxed"
        ]
    }
}