{
    "field": "colour_qualifier",
    "terminals": {
        "#colqr#brownedcolour##": [
            "brun",
            "brunis",
            "bruni",
            "brown",
            "bruns",
            "brunes",
            "brune",
            "brunie",
            "browned"
        ],
        "#colqr#dclcolour##": [
            "dcl",
            "dark"
        ],
        "#colqr#lclcolour##": [
            "light",
            "lcl"
        ],
        "#colqr#noissuecolour##": [
            "perfect",
            "remarkable condition",
            "clean",
            "stunning condition",
            "very good condition",
            "excellent condition",
            "mint condition",
            "readable",
            "mint",
            "great",
            "no problem",
            "exceptional condition",
            "splendid condition",
            "beautiful condition",
            "amazing",
            "superb condition",
            "fantastic",
            "undamaged",
            "superb",
            "outstanding",
            "wonderful condition",
            "good condition",
            "no issues",
            "fabulous",
            "no deffect",
            "einwandfreiem",
            "no deffects",
            "beautiful",
            "very beautiful",
            "impeccable",
            "outstanding condition",
            "fabulous condition",
            "good",
            "exceptional",
            "fine",
            "pristine",
            "perfect condition",
            "no issue",
            "great condition",
            "very good",
            "wonderful",
            "stunning",
            "amazing condition",
            "remarkable",
            "splendid",
            "fantastic condition",
            "fine condition",
            "excellent"
        ],
        "#colqr#obscuredcolour##": [
            "obscured",
            "obscurcis",
            "obscurcies",
            "obscurcie",
            "obscurci"
        ],
        "#colqr#poorcolour##": [
            "poor",
            "mauvaise"
        ],
        "#colqr#sedimentcolour##": [
            "sediments",
            "sediment"
        ],
        "#colqr#yellowedcolour##": [
            "jaunis",
            "jauni",
            "jaunies",
            "yellowed",
            "jaunie"
        ]
    }
}