{
    "field": "cork_qualifier",
    "terminals": {
        "#ckqr#damagedcork##": [
            "damage",
            "deteriorated",
            "affected",
            "bad condition",
            "illegible",
            "broken",
            "poor condition",
            "damages",
            "unreadable",
            "damaged",
            "weak"
        ],
        "#ckqr#dc##": [
            "down",
            "pushed",
            "sunken",
            "depressed"
        ],
        "#ckqr#inthebottlecork##": [
            "in the bottle"
        ],
        "#ckqr#pc##": [
            "raised",
            "protruding",
            "pulled",
            "elevated"
        ],
        "#ckqr#recorked##": [
            "new",
            "changed",
            "replaced",
            "non original",
            "not original"
        ],
        "#ckqr#sos##": []
    }
}