{
    "field": "cork_qualifier",
    "terminals": {
        "#ckqr#damagedcork##": [
            "endommage",
            "accident",
            "deteriore",
            "illisible",
            "degats",
            "degat",
            "illisibles",
            "accidente",
            "deteriores",
            "degrades",
            "accidentes",
            "endommages",
            "accidents",
            "degrade",
            "abimes",
            "abime",
            "endomage"
        ],
        "#ckqr#dc##": [
            "enfonce",
            "retractees",
            "enfoncer",
            "poussees",
            "retractes",
            "retracte",
            "pousse",
            "descendu",
            "descendus",
            "enfonces"
        ],
        "#ckqr#inthebottlecork##": [
            "dans la bouteille"
        ],
        "#ckqr#pc##": [
            "sortant",
            "sureleve",
            "gonfles",
            "saillant",
            "saillants",
            "sortants",
            "sureleves",
            "gonfle"
        ],
        "#ckqr#recorked##": [
            "nouveaux",
            "change",
            "changes",
            "pas original",
            "remplaces",
            "non original",
            "nouveau",
            "remplace"
        ],
        "#ckqr#sos##": []
    }
}