{
    "field": "label_qualifier",
    "terminals": {
        "#lqr#bsl##": [
            "bin marked",
            "soil",
            "dirty",
            "dust",
            "yellowed",
            "bumps in",
            "dusty",
            "soiled",
            "bumped",
            "blackened",
            "bin soiled",
            "bin soil",
            "browned"
        ],
        "#lqr#damagedlabel##": [
            "damage",
            "deteriorated",
            "affected",
            "bad condition",
            "illegible",
            "poor condition",
            "damages",
            "unreadable",
            "damaged"
        ],
        "#lqr#fl##": [
            "washed",
            "faded",
            "fade",
            "fading",
            "discoloured",
            "discolored",
            "rubbed"
        ],
        "#lqr#gsl##": [
            "glue stains",
            "glue marked",
            "glue mark",
            "traces of glue",
            "glue stain",
            "glue staining",
            "glue traces",
            "glue striped",
            "glue stained",
            "glue marks"
        ],
        "#lqr#handwrittenlabel##": [
            "handwriting",
            "hand writing",
            "handwritings",
            "hand written",
            "handwritten",
            "hand writings"
        ],
        "#lqr#ll##": [
            "lifted",
            "peeling",
            "detached",
            "loose",
            "detaching",
            "partially attached"
        ],
        "#lqr#nl##": [
            "nicks",
            "holes",
            "nicked",
            "hole",
            "cuts",
            "cut",
            "nick"
        ],
        "#lqr#nol##": [
            "lack of",
            "missing",
            "no",
            "without",
            "disintegrating",
            "lacking",
            "absence of",
            "disintegrated"
        ],
        "#lqr#relabeled##": [
            "new",
            "replaced",
            "not original"
        ],
        "#lqr#sb##": [
            "signed"
        ],
        "#lqr#scl##": [
            "scratches",
            "scuff",
            "scuffed",
            "scratch",
            "scratched",
            "scuffs"
        ],
        "#lqr#sl##": [
            "stained",
            "stain",
            "spots",
            "mark",
            "stains",
            "marks",
            "spot",
            "spotted",
            "marked",
            "staining"
        ],
        "#lqr#tal##": [
            "tatty",
            "tattered"
        ],
        "#lqr#tl##": [
            "torn",
            "rips",
            "ripped",
            "rip",
            "tears",
            "tear",
            "teared"
        ],
        "#lqr#tsl##": [
            "tissue stain",
            "tissue stains",
            "tissue stained",
            "tissue marked",
            "tissue mark",
            "tissue marks",
            "tissue staining"
        ],
        "#lqr#wasl##": [
            "water spots",
            "cellar soiled",
            "moulding",
            "water stained",
            "moulds",
            "wet",
            "damp soiled",
            "mould",
            "humid",
            "drenched",
            "damp staining",
            "moldy",
            "water spot",
            "water marked",
            "water staining",
            "molds",
            "moist",
            "molding",
            "molded",
            "damp stained",
            "water stain",
            "damp spotted",
            "mold",
            "damp"
        ],
        "#lqr#wisl##": [
            "wine marked",
            "wine stained",
            "wine staining",
            "wine stain",
            "wine spot"
        ],
        "#lqr#wl##": [
            "ink marks",
            "pen stains",
            "writings on",
            "writing on",
            "pen marks",
            "ink stain",
            "ink mark",
            "ink stains",
            "tache de stylo",
            "pen stain",
            "penmarked",
            "taches de stylo",
            "pen marked"
        ],
        "#lqr#wrl##": [
            "wrinckle",
            "creased",
            "wrinkled",
            "crease",
            "wrinckles",
            "worn",
            "crumpled"
        ]
    }
}